{
    "accuracy": 0.9591280653950953,
    "precision": 0.9302325581395349,
    "recall": 0.7692307692307693
}
